,Feature,Importance,,,,
8,PageValues,0.4730,,,,
10,Month,0.0425,,,,
7,ExitRates,0.0404,,,,
6,BounceRates,0.0254,,,,
14,TrafficType,0.0098,,,,
15,VisitorType,0.0093,,,,
16,Weekend,0.0046,,,,
19,AverageTimePerPage,0.0043,,,,
4,ProductRelated,0.0008,,,,
5,ProductRelated_Duration,0.0007,,,,
17,TotalPages,-0.0003,,,,
0,Administrative,-0.0008,,,,
13,Region,-0.0009,,,,
9,SpecialDay,-0.0010,,,,
12,Browser,-0.0012,,,,
11,OperatingSystems,-0.0014,,,,
1,Administrative_Duration,-0.0016,,,,
20,ProductPageShare,-0.0025,,,,
2,Informational,-0.0032,,,,
18,TotalDuration,-0.0041,,,,
3,Informational_Duration,-0.0043,,,,
